set,ReH_pred,ReH_std,ReE_pred,ReE_std,ReHt_pred,ReHt_std,dvcs_pred,dvcs_std
103,5.1808987,3.785791,3.7287,3.087174,5.031997,5.567343,0.114976995,0.06281594
