set,ReH_pred,ReH_std,ReE_pred,ReE_std,ReHt_pred,ReHt_std,dvcs_pred,dvcs_std
100,-2.0760722,2.5619538,-0.8363443,2.715865,-3.3656366,4.921931,0.012016538,0.025114533
