set,ReH_pred,ReH_std,ReE_pred,ReE_std,ReHt_pred,ReHt_std,dvcs_pred,dvcs_std
102,6.076788,2.7900767,3.7705517,2.8997657,7.6275644,3.329425,0.11949338,0.045788284
