set,ReH_pred,ReH_std,ReE_pred,ReE_std,ReHt_pred,ReHt_std,dvcs_pred,dvcs_std
101,4.7779307,4.5589275,5.3246875,4.306112,-1.4299921,3.8171833,0.04948448,0.03150613
