set,ReH_pred,ReH_std,ReE_pred,ReE_std,ReHt_pred,ReHt_std,dvcs_pred,dvcs_std
8,-1.9370589,0.2245664,-1.8108852,0.22203138,-2.2946799,0.29253867,0.005542049,0.0013625436
