set,ReH_pred,ReH_std,ReE_pred,ReE_std,ReHt_pred,ReHt_std,dvcs_pred,dvcs_std
7,-1.4431016,0.1608382,-1.3062433,0.16009481,-1.7118852,0.21234454,0.0074596875,0.0011614542
