set,ReH_pred,ReH_std,ReE_pred,ReE_std,ReHt_pred,ReHt_std,dvcs_pred,dvcs_std
1,-1.0194837,0.12527962,-1.096801,0.14011858,-1.4123564,0.18616638,0.017328748,0.0013371711
