set,ReH_pred,ReH_std,ReE_pred,ReE_std,ReHt_pred,ReHt_std,dvcs_pred,dvcs_std
10,-1.6321254,0.34964976,-1.492733,0.3082261,-1.9067916,0.4745558,0.004252796,0.0012385233
