set,ReH_pred,ReH_std,ReE_pred,ReE_std,ReHt_pred,ReHt_std,dvcs_pred,dvcs_std
2,-1.35215,0.15277795,-1.4116617,0.17280439,-1.6768615,0.22453581,0.01238231,0.0012655294
