set,ReH_pred,ReH_std,ReE_pred,ReE_std,ReHt_pred,ReHt_std,dvcs_pred,dvcs_std
6,-1.029082,0.15358989,-1.0690267,0.15309983,-1.4033082,0.2085692,0.00834102,0.0013162771
