set,ReH_pred,ReH_std,ReE_pred,ReE_std,ReHt_pred,ReHt_std,dvcs_pred,dvcs_std
3,-1.5518788,0.20823935,-1.5649831,0.21093982,-1.8323001,0.2929676,0.011565756,0.001415923
