set,ReH_pred,ReH_std,ReE_pred,ReE_std,ReHt_pred,ReHt_std,dvcs_pred,dvcs_std
9,-1.9112773,0.23863803,-1.7783786,0.23746026,-2.093681,0.32636222,0.0052582254,0.001419727
