set,ReH_pred,ReH_std,ReE_pred,ReE_std,ReHt_pred,ReHt_std,dvcs_pred,dvcs_std
5,-1.1735883,0.37741154,-1.197216,0.33538347,-1.3652265,0.48372906,0.010357155,0.0017816545
