set,ReH_pred,ReH_std,ReE_pred,ReE_std,ReHt_pred,ReHt_std,dvcs_pred,dvcs_std
4,-1.4655145,0.26795578,-1.4612726,0.25032613,-1.8042858,0.41473326,0.009828647,0.0016085079
